{
  "0": {
    "media": {
      "bps_sent": 11999608.805242011,
      "loss": 0,
      "jitter_ms": 0.048979579742206195
    },
    "control": {
      "bps_sent": 120804.76913561666,
      "loss": 0,
      "jitter_ms": 23939.179149398733
    },
    "control_reverse": {
      "bps_sent": 120304.63343486984,
      "loss": 0,
      "jitter_ms": 23939.18773608155
    }
  },
  "1": {
    "control": {
      "bps_sent": 120805.13154611878,
      "loss": 0,
      "jitter_ms": 23939.19191641539
    },
    "media": {
      "bps_sent": 11999602.805521002,
      "loss": 0,
      "jitter_ms": 0.05462483116929527
    },
    "control_reverse": {
      "bps_sent": 120304.20213859266,
      "loss": 0,
      "jitter_ms": 23939.19437384678
    }
  },
  "2": {
    "control": {
      "bps_sent": 120804.93826024706,
      "loss": 0,
      "jitter_ms": 23939.18873983852
    },
    "media": {
      "bps_sent": 11999611.205132091,
      "loss": 0,
      "jitter_ms": 0.05876095885095417
    },
    "control_reverse": {
      "bps_sent": 120303.26767393408,
      "loss": 0,
      "jitter_ms": 23939.21199524796
    }
  },
  "3": {
    "media": {
      "bps_sent": 11999626.804441027,
      "loss": 0,
      "jitter_ms": 0.07408886415224339
    },
    "control": {
      "bps_sent": 120804.79329624916,
      "loss": 0,
      "jitter_ms": 23939.182077114318
    },
    "control_reverse": {
      "bps_sent": 120304.8131425647,
      "loss": 0,
      "jitter_ms": 23939.197141651326
    }
  },
  "4": {
    "media": {
      "bps_sent": 11999590.806096988,
      "loss": 0,
      "jitter_ms": 0.07408120007268751
    },
    "control": {
      "bps_sent": 120805.31275218523,
      "loss": 0,
      "jitter_ms": 23939.17197241361
    },
    "control_reverse": {
      "bps_sent": 120305.00483136432,
      "loss": 0,
      "jitter_ms": 23939.19964564584
    }
  }
}