{
  "0": {
    "media": {
      "bps_sent": 11999660.403090332,
      "loss": 0,
      "jitter_ms": 0.08868533842144215
    },
    "control": {
      "bps_sent": 120805.34899346375,
      "loss": 0,
      "jitter_ms": 23939.268428400275
    },
    "control_reverse": {
      "bps_sent": 120292.00731830546,
      "loss": 0,
      "jitter_ms": 23939.225309142555
    }
  },
  "1": {
    "media": {
      "bps_sent": 11999630.40428731,
      "loss": 0,
      "jitter_ms": 0.06272552171250308
    },
    "control": {
      "bps_sent": 120805.34899346375,
      "loss": 0,
      "jitter_ms": 23939.20671150745
    },
    "control_reverse": {
      "bps_sent": 120298.26014913007,
      "loss": 0,
      "jitter_ms": 23939.261021828952
    }
  },
  "2": {
    "media": {
      "bps_sent": 11999661.603045572,
      "loss": 0,
      "jitter_ms": 0.10875980129518385
    },
    "control": {
      "bps_sent": 120805.61476350404,
      "loss": 0,
      "jitter_ms": 23939.22248990705
    },
    "control_reverse": {
      "bps_sent": 120293.6842589515,
      "loss": 0,
      "jitter_ms": 23939.219779905772
    }
  },
  "3": {
    "media": {
      "bps_sent": 11999694.001927787,
      "loss": 0,
      "jitter_ms": 0.05736893210325009
    },
    "control": {
      "bps_sent": 120805.33691303516,
      "loss": 0,
      "jitter_ms": 23939.24176390436
    },
    "control_reverse": {
      "bps_sent": 120295.69664944445,
      "loss": 0,
      "jitter_ms": 23939.230799507404
    }
  },
  "4": {
    "media": {
      "bps_sent": 11999694.001927787,
      "loss": 0,
      "jitter_ms": 0.06469603686878933
    },
    "control": {
      "bps_sent": 120805.34899346375,
      "loss": 0,
      "jitter_ms": 23939.224085184247
    },
    "control_reverse": {
      "bps_sent": 120290.2944914843,
      "loss": 0,
      "jitter_ms": 23939.318678819607
    }
  }
}