{
  "0": {
    "media": {
      "bps_sent": 8021559.07280147,
      "loss": 0,
      "jitter_ms": 0.32096281802600835
    },
    "control": {
      "bps_sent": 1022355.5681021481,
      "loss": 0,
      "jitter_ms": 0.007923547369409907
    },
    "control_reverse": {
      "bps_sent": 1022350.7630819113,
      "loss": 0,
      "jitter_ms": 0.4801000542839063
    }
  },
  "1": {
    "control": {
      "bps_sent": 1022355.2613973793,
      "loss": 0,
      "jitter_ms": 0.00760484117941407
    },
    "media": {
      "bps_sent": 8021561.479255715,
      "loss": 0,
      "jitter_ms": 0.01787392291744726
    },
    "control_reverse": {
      "bps_sent": 1022352.7055314619,
      "loss": 0,
      "jitter_ms": 0.00968118992542866
    }
  },
  "2": {
    "control": {
      "bps_sent": 1022355.4658672048,
      "loss": 0,
      "jitter_ms": 0.00791167644644239
    },
    "media": {
      "bps_sent": 8021562.281407452,
      "loss": 0,
      "jitter_ms": 0.011309500477742365
    },
    "control_reverse": {
      "bps_sent": 1022350.660847929,
      "loss": 0,
      "jitter_ms": 0.19854870820865378
    }
  },
  "3": {
    "media": {
      "bps_sent": 8021560.67710414,
      "loss": 0,
      "jitter_ms": 0.013131441640765662
    },
    "control": {
      "bps_sent": 1022355.874807101,
      "loss": 0,
      "jitter_ms": 0.00965060995167021
    },
    "control_reverse": {
      "bps_sent": 1022351.0697839813,
      "loss": 0,
      "jitter_ms": 0.004731854289997286
    }
  },
  "4": {
    "media": {
      "bps_sent": 8021560.67710414,
      "loss": 0,
      "jitter_ms": 0.36476664963107064
    },
    "control": {
      "bps_sent": 1022355.5681021481,
      "loss": 0,
      "jitter_ms": 0.00839344379715239
    },
    "control_reverse": {
      "bps_sent": 1022351.78542286,
      "loss": 0,
      "jitter_ms": 0.007185695354745366
    }
  }
}