{
  "0": {
    "media": {
      "bps_sent": 2781301.712189727,
      "loss": 80.96626405664307,
      "jitter_ms": 0.10073575738211332
    },
    "control": {
      "bps_sent": 100780.18524087002,
      "loss": 64.36781609195403,
      "jitter_ms": 16.899041220632625
    },
    "control_reverse": {
      "bps_sent": 100382.2653924487,
      "loss": 57.06214689265537,
      "jitter_ms": 57.95086935777583
    }
  },
  "1": {
    "control": {
      "bps_sent": 100780.20539678815,
      "loss": 60.91954022988506,
      "jitter_ms": 9.58909061892956
    },
    "media": {
      "bps_sent": 2528769.49861351,
      "loss": 79.3861658268438,
      "jitter_ms": 0.10731811299460854
    },
    "control_reverse": {
      "bps_sent": 100426.13352183683,
      "loss": 54.80769230769231,
      "jitter_ms": 57.305204709346796
    }
  },
  "2": {},
  "3": {},
  "4": {
    "media": {
      "bps_sent": 2795201.8697484075,
      "loss": 80.89515126398673,
      "jitter_ms": 1.1158635985518006
    },
    "control_reverse": {
      "bps_sent": 100896.18025934778,
      "loss": 53.333333333333336,
      "jitter_ms": 11.914379786834045
    }
  }
}