{
  "0": {
    "control": {
      "min_latency": 1974.473239,
      "max_latency": 2016.832393,
      "mean_latency": 1998.4461963109757,
      "loss": 0.36890243902439024,
      "loss_rev": 0.513353115727003,
      "lost_messages": 121,
      "lost_messages_rev": 173,
      "bps": 63283.2,
      "bps_rev": 50380.8
    },
    "media": {
      "min_latency": 1988.039865,
      "max_latency": 2016.763663,
      "mean_latency": 2002.1607466875,
      "loss": 0.369701726844584,
      "loss_rev": 0.5151515151515151,
      "lost_messages": 942,
      "lost_messages_rev": 17,
      "bps": 493056.0,
      "bps_rev": 4915.2
    }
  },
  "1": {
    "control": {
      "min_latency": 1973.21584,
      "max_latency": 2018.349184,
      "mean_latency": 1998.4910068402367,
      "loss": 0.38650306748466257,
      "loss_rev": 0.49702380952380953,
      "lost_messages": 126,
      "lost_messages_rev": 167,
      "bps": 61132.8,
      "bps_rev": 51916.8
    },
    "media": {
      "min_latency": 1989.128997,
      "max_latency": 2012.380288,
      "mean_latency": 1997.5294758235295,
      "loss": 0.463623395149786,
      "loss_rev": 0.48484848484848486,
      "lost_messages": 1300,
      "lost_messages_rev": 16,
      "bps": 461721.6,
      "bps_rev": 5222.4
    }
  },
  "2": {
    "control": {
      "min_latency": 1975.65058,
      "max_latency": 2030.617776,
      "mean_latency": 1997.4419508908045,
      "loss": 0.3926380368098159,
      "loss_rev": 0.4821428571428571,
      "lost_messages": 128,
      "lost_messages_rev": 162,
      "bps": 60518.4,
      "bps_rev": 53452.8
    },
    "media": {
      "min_latency": 1983.650074,
      "max_latency": 2001.854731,
      "mean_latency": 1997.6681533684211,
      "loss": 0.4469904240766074,
      "loss_rev": 0.4242424242424242,
      "lost_messages": 1307,
      "lost_messages_rev": 14,
      "bps": 496435.2,
      "bps_rev": 5836.8
    }
  },
  "3": {
    "control": {
      "min_latency": 1980.470261,
      "max_latency": 2024.657604,
      "mean_latency": 1998.9955306233767,
      "loss": 0.3951367781155015,
      "loss_rev": 0.5457227138643068,
      "lost_messages": 130,
      "lost_messages_rev": 185,
      "bps": 60825.6,
      "bps_rev": 47308.8
    },
    "media": {
      "min_latency": 1988.219272,
      "max_latency": 2014.345143,
      "mean_latency": 1997.4838374285714,
      "loss": 0.4772991850989523,
      "loss_rev": 0.36363636363636365,
      "lost_messages": 1230,
      "lost_messages_rev": 12,
      "bps": 413491.2,
      "bps_rev": 6451.2
    }
  },
  "4": {
    "control": {
      "min_latency": 1981.576695,
      "max_latency": 2022.485633,
      "mean_latency": 1998.2115822134147,
      "loss": 0.3404907975460123,
      "loss_rev": 0.5119047619047619,
      "lost_messages": 111,
      "lost_messages_rev": 172,
      "bps": 65740.8,
      "bps_rev": 50380.8
    },
    "media": {
      "min_latency": 1997.515189,
      "max_latency": 2009.900526,
      "mean_latency": 2000.7672116666668,
      "loss": 0.3399209486166008,
      "loss_rev": 0.5454545454545454,
      "lost_messages": 860,
      "lost_messages_rev": 18,
      "bps": 512716.8,
      "bps_rev": 4608.0
    }
  }
}