{
  "0": {
    "media": {
      "bps_sent": 11760087.743508635,
      "loss": 0,
      "jitter_ms": 0.0358536645312845
    },
    "control": {
      "bps_sent": 140773.58351321562,
      "loss": 0,
      "jitter_ms": 0.8160012108839271
    },
    "control_reverse": {
      "bps_sent": 140121.23885719109,
      "loss": 0,
      "jitter_ms": 0.03206956647094003
    }
  },
  "1": {
    "media": {
      "bps_sent": 11761089.66622477,
      "loss": 0,
      "jitter_ms": 0.03507532753508738
    },
    "control": {
      "bps_sent": 140773.58351321562,
      "loss": 0,
      "jitter_ms": 0.8704678495490432
    },
    "control_reverse": {
      "bps_sent": 140168.00517600754,
      "loss": 0,
      "jitter_ms": 0.04866965873321814
    }
  },
  "2": {
    "control": {
      "bps_sent": 140773.6257450584,
      "loss": 0,
      "jitter_ms": 0.8597915724727319
    },
    "media": {
      "bps_sent": 11761089.66622477,
      "loss": 0,
      "jitter_ms": 0.03272680587143434
    },
    "control_reverse": {
      "bps_sent": 140122.4522663404,
      "loss": 0,
      "jitter_ms": 0.03452515175896796
    }
  },
  "3": {
    "media": {
      "bps_sent": 11761084.961815719,
      "loss": 0,
      "jitter_ms": 0.043965874282165494
    },
    "control": {
      "bps_sent": 140773.55535866786,
      "loss": 0,
      "jitter_ms": 0.8318874557736058
    },
    "control_reverse": {
      "bps_sent": 140168.2145226539,
      "loss": 0,
      "jitter_ms": 0.028702003424470844
    }
  },
  "4": {
    "control": {
      "bps_sent": 140773.59759049374,
      "loss": 0,
      "jitter_ms": 0.8535825914244981
    },
    "media": {
      "bps_sent": 11761086.137917627,
      "loss": 0,
      "jitter_ms": 0.03216779190388989
    },
    "control_reverse": {
      "bps_sent": 140120.98780964606,
      "loss": 0,
      "jitter_ms": 0.026866129864373173
    }
  }
}