{
  "0": {
    "media": {
      "min_latency": 0.172617,
      "max_latency": 2137.328802,
      "mean_latency": 796.7267567752809,
      "loss": 2.5583299222309286e-05,
      "loss_rev": 0.2053571428571429,
      "lost_messages": 1,
      "lost_messages_rev": 69,
      "bps": 12007219.2,
      "bps_rev": 82022.4
    },
    "control": {
      "min_latency": 0.180272,
      "max_latency": 2139.084282,
      "mean_latency": 799.8860055576324,
      "loss": 0.0,
      "loss_rev": 0.20740740740740737,
      "lost_messages": 0,
      "lost_messages_rev": 84,
      "bps": 120115.2,
      "bps_rev": 98611.2
    }
  },
  "1": {
    "media": {
      "min_latency": 3126.504297,
      "max_latency": 5253.578921,
      "mean_latency": 4338.3034357724555,
      "loss": -2.594101014286032e-05,
      "loss_rev": 0.5,
      "lost_messages": -1,
      "lost_messages_rev": 167,
      "bps": 11842252.8,
      "bps_rev": 51302.4
    },
    "control": {
      "min_latency": 3314.391143,
      "max_latency": 5258.322887,
      "mean_latency": 4349.921010485,
      "loss": 0.0,
      "loss_rev": 0.45504087193460485,
      "lost_messages": 0,
      "lost_messages_rev": 167,
      "bps": 119808.0,
      "bps_rev": 61440.0
    }
  },
  "2": {
    "control": {
      "min_latency": 6317.636074,
      "max_latency": 6409.873151,
      "mean_latency": 6360.47089998,
      "loss": 0.0,
      "loss_rev": 0.6268656716417911,
      "lost_messages": 0,
      "lost_messages_rev": 168,
      "bps": 119808.0,
      "bps_rev": 30720.0
    },
    "media": {
      "min_latency": 6342.570088,
      "max_latency": 6406.777151,
      "mean_latency": 6367.562361927083,
      "loss": 0.0,
      "loss_rev": 0.6377358490566039,
      "lost_messages": 0,
      "lost_messages_rev": 169,
      "bps": 11830579.2,
      "bps_rev": 29491.2
    }
  },
  "3": {
    "media": {
      "min_latency": 6333.676066,
      "max_latency": 6411.693467,
      "mean_latency": 6359.879194919193,
      "loss": 0.0,
      "loss_rev": 0.6305970149253731,
      "lost_messages": 0,
      "lost_messages_rev": 169,
      "bps": 11808768.0,
      "bps_rev": 30412.8
    },
    "control": {
      "min_latency": 6315.719462,
      "max_latency": 6402.165789,
      "mean_latency": 6355.702766822917,
      "loss": 0.0,
      "loss_rev": 0.6363636363636364,
      "lost_messages": 0,
      "lost_messages_rev": 168,
      "bps": 120115.2,
      "bps_rev": 29491.2
    }
  },
  "4": {
    "media": {
      "min_latency": 6318.882273,
      "max_latency": 6530.114162,
      "mean_latency": 6362.165356892473,
      "loss": 0.0,
      "loss_rev": 0.6436781609195402,
      "lost_messages": 0,
      "lost_messages_rev": 168,
      "bps": 11761152.0,
      "bps_rev": 28569.6
    },
    "control": {
      "min_latency": 6313.637508,
      "max_latency": 6439.070727,
      "mean_latency": 6353.839019435643,
      "loss": 0.0,
      "loss_rev": 0.625925925925926,
      "lost_messages": 0,
      "lost_messages_rev": 169,
      "bps": 120115.2,
      "bps_rev": 31027.2
    }
  }
}