{
  "0": {
    "control": {
      "bps_sent": 120805.60268302228,
      "loss": 0,
      "jitter_ms": 0.03495489567909911
    },
    "media": {
      "bps_sent": 11999535.609055623,
      "loss": 0,
      "jitter_ms": 0.015811344494020923
    },
    "control_reverse": {
      "bps_sent": 120287.98285150657,
      "loss": 0,
      "jitter_ms": 0.017339271074933018
    }
  },
  "1": {
    "media": {
      "bps_sent": 11999696.401851948,
      "loss": 0,
      "jitter_ms": 0.011355378183943112
    },
    "control": {
      "bps_sent": 120805.78389050216,
      "loss": 0,
      "jitter_ms": 0.0112645311319452
    },
    "control_reverse": {
      "bps_sent": 120245.28739091902,
      "loss": 0,
      "jitter_ms": 0.06970175578338658
    }
  },
  "2": {
    "media": {
      "bps_sent": 11997597.635074526,
      "loss": 0,
      "jitter_ms": 0.061626850356862856
    },
    "control": {
      "bps_sent": 120805.6268439882,
      "loss": 0,
      "jitter_ms": 0.019275959981764432
    },
    "control_reverse": {
      "bps_sent": 120246.77152532115,
      "loss": 156838.01652892563,
      "jitter_ms": 177593552.31439304
    }
  },
  "3": {
    "control": {
      "bps_sent": 120805.55436111949,
      "loss": 0,
      "jitter_ms": 0.021247360139405962
    },
    "media": {
      "bps_sent": 11999700.00173999,
      "loss": 0,
      "jitter_ms": 0.697259397637531
    },
    "control_reverse": {
      "bps_sent": 120236.56285764875,
      "loss": 0,
      "jitter_ms": 0.05228087233259854
    }
  },
  "4": {
    "control": {
      "bps_sent": 120799.4540313932,
      "loss": 0,
      "jitter_ms": 0.011437597298384727
    },
    "media": {
      "bps_sent": 11999697.60181439,
      "loss": 0,
      "jitter_ms": 0.005557037200934823
    },
    "control_reverse": {
      "bps_sent": 120276.16253745362,
      "loss": 0,
      "jitter_ms": 0.026625374868726542
    }
  }
}