{
  "0": {
    "media": {
      "bps_sent": 11776060.876453005,
      "loss": 1.1445527766002543,
      "jitter_ms": 0.08824344827276001
    },
    "control": {
      "bps_sent": 140773.52720413133,
      "loss": 2.127659574468085,
      "jitter_ms": 0.9577319315795824
    },
    "control_reverse": {
      "bps_sent": 140171.145441364,
      "loss": 0.7092198581560284,
      "jitter_ms": 1.1804702636015492
    }
  },
  "1": {
    "media": {
      "bps_sent": 11818987.104178663,
      "loss": 1.157290082784254,
      "jitter_ms": 0.2345794927801154
    },
    "control": {
      "bps_sent": 140773.59759049374,
      "loss": 0.7092198581560284,
      "jitter_ms": 1.7684195562639786
    },
    "control_reverse": {
      "bps_sent": 140169.87536154076,
      "loss": 1.4184397163120568,
      "jitter_ms": 0.2050579293140864
    }
  },
  "2": {
    "media": {
      "bps_sent": 11818987.104178663,
      "loss": 1.9597905051528974,
      "jitter_ms": 0.8743246968845724
    },
    "control": {
      "bps_sent": 140773.54128139818,
      "loss": 0.7092198581560284,
      "jitter_ms": 2.573648221583337
    },
    "control_reverse": {
      "bps_sent": 140168.00517600754,
      "loss": 2.127659574468085,
      "jitter_ms": 0.8762909069279624
    }
  },
  "3": {
    "control": {
      "bps_sent": 140773.56943594033,
      "loss": 4.25531914893617,
      "jitter_ms": 1.1445776975044295
    },
    "media": {
      "bps_sent": 11818985.922287282,
      "loss": 1.9428957594188208,
      "jitter_ms": 0.11495005415598425
    },
    "control_reverse": {
      "bps_sent": 140120.38808859646,
      "loss": 0,
      "jitter_ms": 1.1365551180013809
    }
  },
  "4": {
    "media": {
      "bps_sent": 11855933.6067718,
      "loss": 1.6,
      "jitter_ms": 0.041513436404294814
    },
    "control": {
      "bps_sent": 140773.54128139818,
      "loss": 0.7092198581560284,
      "jitter_ms": 1.3819946364847953
    },
    "control_reverse": {
      "bps_sent": 140122.0477942889,
      "loss": 1.4184397163120568,
      "jitter_ms": 0.0963163030931523
    }
  }
}